{
  "n_seeds": 3,
  "mean_profile": [
    0.992844303448995,
    0.9958304762840271,
    0.9967314600944519,
    0.9972398479779562,
    0.9966162443161011,
    0.9962161779403687,
    0.9945473869641622,
    0.9935194651285807,
    0.9928886691729227,
    0.9923107226689657,
    0.9930155475934347,
    0.9938656489054362,
    0.9938530921936035,
    0.9942805369695028,
    0.9945235848426819,
    0.9945042332013448
  ],
  "std_profile": [
    0.002184640095532514,
    0.00181735182597188,
    0.001163291140813119,
    0.0011231317542668682,
    0.001234634679986974,
    0.0013356578133226927,
    0.0002120856349634237,
    0.0003156341826198156,
    0.00044530503480786493,
    0.0022024015027938652,
    0.0021976788326932566,
    0.0005208302162734475,
    0.0005428258932341101,
    0.0005140392302140542,
    0.0013121417376165845,
    0.0012881580425609738
  ],
  "peak_r2_mean": 0.9972398479779562,
  "peak_r2_std": 0.0011231317542668682,
  "sigma2_profile_mean_profile": 2.238058182428098e-06,
  "min_r2_mean_profile": 0.9923107226689657
}