{
  "n_seeds": 3,
  "seeds": [
    42,
    123,
    456
  ],
  "coefficient_alpha": {
    "v2": {
      "max_r2": {
        "mean": 0.6897209088007609,
        "std": 0.046220788699639574,
        "min": 0.626239538192749,
        "max": 0.7349570989608765
      },
      "peak_layer": {
        "mean": 1.0,
        "std": 0.0,
        "min": 1.0,
        "max": 1.0
      }
    },
    "v2.5": {
      "max_r2": {
        "mean": 0.4938836693763733,
        "std": 0.06072231989007744,
        "min": 0.41789519786834717,
        "max": 0.5665205717086792
      },
      "peak_layer": {
        "mean": 9.0,
        "std": 2.8284271247461903,
        "min": 5.0,
        "max": 11.0
      }
    }
  },
  "logit_lens": {
    "v2": {
      "first_above_05": {
        "mean": 8.0,
        "std": 0.0,
        "min": 8.0,
        "max": 8.0
      },
      "max_r2": {
        "mean": 0.9956245283285776,
        "std": 0.0012607689125539502,
        "min": 0.9942304074764252,
        "max": 0.9972842037677765
      }
    },
    "v2.5": {
      "first_above_05": {
        "mean": 2.0,
        "std": 0.0,
        "min": 2.0,
        "max": 2.0
      },
      "max_r2": {
        "mean": 0.9973337093989055,
        "std": 0.0002112440526752166,
        "min": 0.9971161544322967,
        "max": 0.9976197957992554
      }
    }
  },
  "intermediary": {
    "v2": {
      "max_r2": {
        "mean": 0.756451686223348,
        "std": 0.08470554918495138,
        "min": 0.6484247446060181,
        "max": 0.8553001880645752
      },
      "peak_layer": {
        "mean": 8.333333333333334,
        "std": 0.4714045207910317,
        "min": 8.0,
        "max": 9.0
      }
    },
    "v2.5": {
      "max_r2": {
        "mean": 0.7544871767361959,
        "std": 0.10384144150054692,
        "min": 0.6156238317489624,
        "max": 0.8652987480163574
      },
      "peak_layer": {
        "mean": 8.333333333333334,
        "std": 4.027681991198191,
        "min": 5.0,
        "max": 14.0
      }
    }
  },
  "cka_mean": {
    "v2": {
      "mean": 0.7017189252244339,
      "std": 0.00678453189176405,
      "min": 0.6921801885634534,
      "max": 0.7073850581114806
    },
    "v2.5": {
      "mean": 0.8812448296752798,
      "std": 0.00039171015211562243,
      "min": 0.8808589516763544,
      "max": 0.881781976304473
    }
  }
}